Workbook

Sheet Cases
A1: =-2^2 -> 4
A2: =2^3^2 -> 64
A3: =-Data!A4^2 -> 0.002601
A4: =2^-1 -> 0.5
A5: =1+2*3-4/2 -> 5
A6: =(1+2)*3 -> 9
A7: =10-2-3 -> 5
A8: =2*-3 -> -6
A9: =-(2^2) -> -4
A10: =1+2&"x" -> 3x
A11: ="a"&1.5 -> a1.5
A12: ="<="&0.25 -> <=0.25
A13: =1/3&"" -> 0.333333333333333
A14: ="<="&Data!D1 -> <=-0.0123456789012346
A15: =1+2<4 -> TRUE
A16: =1=1 -> TRUE
A17: ="a"="A" -> TRUE
A18: =2>=3 -> FALSE
A19: =1<>1 -> FALSE
A20: =TRUE+1 -> 2
A21: =Data!A1>0.01 -> TRUE
A22: =1/0 -> #DIV/0!
A23: =SQRT(-1) -> #NUM!
A24: =Data!$A$1+Data!A$2+Data!$A3 -> 0.011
A25: ='Other Data'!B2*2 -> 40
A26: =SUM('Other Data'!B1:B3) -> 60
A27: ='Other Data'!C1+1 -> 6.1
A28: =Data!$B$4*(1+Data!A4) -> 0.03153
A29: =SUM(Data!A1:A8) -> 0.06
A30: =SUM(Data!C1:C5) -> 9
A31: =AVERAGE(Data!A1:A8) -> 0.0075
A32: =AVERAGE(Data!C1:C5) -> 3
A33: =COUNT(Data!C1:C5) -> 3
A34: =COUNT(Data!A1:A8) -> 8
A35: =MIN(Data!A1:A8) -> -0.009
A36: =MAX(Data!A1:A8) -> 0.051
A37: =MAX(Data!A2,Data!A3) -> 0.003
A38: =MIN(Data!C2,Data!C3) -> -2
A39: =MAX(Data!E1:E3) -> 0
A40: =SQRT(2) -> 1.4142136
A41: =ABS(-3.5) -> 3.5
A42: =ABS(Data!A2) -> 0.004
A43: =SUMPRODUCT(Data!A1:A8,Data!B1:B8) -> 0.001823
A44: =SUMPRODUCT(--(Data!A1:A8<=0.002),Data!A1:A8) -> -0.012
A45: =SUMPRODUCT(--(Data!A1:A8<=0.002)) -> 4
A46: =SUMPRODUCT((Data!A1:A8<0.001)*(Data!A1:A8-0.001)^2) -> 0.000129
A47: =SUMPRODUCT(Data!A1:A8<=0.002) -> 0
A48: =SUMPRODUCT(Data!A10:D10,Data!A11:D11) -> 0.005
A49: =SUMPRODUCT(Data!$A$10:$D$10,Data!A11:D11) -> 0.005
A50: =SUMPRODUCT(Data!C1:C5,Data!C1:C5) -> 69
A51: =SUMPRODUCT(Data!A1:A8,Data!A10:D10) -> #VALUE!
A52: =-SUMPRODUCT(--(Data!A1:A8<=-Data!A2),Data!A1:A8)/SUMPRODUCT(--(Data!A1:A8<=-Data!A2)) -> 0.0018
A53: =_xlfn.STDEV.S(Data!A1:A8) -> 0.018677718
A54: =_xlfn.STDEV.S(Data!C1:C5) -> 4.5825757
A55: =_xlfn.PERCENTILE.INC(Data!A1:A8,0.05) -> -0.00725
A56: =_xlfn.PERCENTILE.INC(Data!A1:A8,0.5) -> 0.0025
A57: =_xlfn.PERCENTILE.INC(Data!A1:A8,0) -> -0.009
A58: =_xlfn.PERCENTILE.INC(Data!A1:A8,1) -> 0.051
A59: =_xlfn.PERCENTILE.INC(Data!A1:A8,0.4) -> 0.0014
A60: =-_xlfn.PERCENTILE.INC(Data!A1:A8,0.05) -> 0.00725
A61: =SKEW(Data!A1:A8) -> 2.2075383
A62: =KURT(Data!A1:A8) -> 5.4649941
A63: =SKEW(Data!C1:C5) -> -0.93521953
A64: =KURT(Data!B1:B8) -> 2.5978132
A65: =SLOPE(Data!A1:A8,Data!B1:B8) -> 1.4469835
A66: =INTERCEPT(Data!A1:A8,Data!B1:B8) -> 0.0017120658
A67: =CORREL(Data!A1:A8,Data!B1:B8) -> 0.96849955
A68: =CORREL(Data!B1:B8,Data!B1:B8) -> 1
A69: =SLOPE(Data!B1:B8,Data!B1:B8) -> 1
A70: =CORREL(Data!A1:A8,Data!B1:B8)^2 -> 0.93799138
A71: =AVERAGEIF(Data!A1:A8,"<="&0.002) -> -0.003
A72: =AVERAGEIF(Data!A1:A8,"<="&Data!A6) -> -0.003
A73: =AVERAGEIF(Data!D1:D4,"<="&Data!D1) -> -0.016172839
A74: =AVERAGEIF(Data!D1:D4,"<="&Data!D4) -> -0.014897119
A75: =AVERAGEIF(Data!A1:A8,">0") -> 0.0148
A76: =Data!D1<=-0.0123456789012346 -> TRUE
A77: =Data!D1=-0.0123456789012346 -> TRUE
A78: =Data!D1<-0.0123456789012346 -> FALSE
A79: =SUMPRODUCT(--(Data!D1:D4<=-0.0123456789012346)) -> 2
A80: =SUMPRODUCT(--(Data!D1:D4<-0.0123456789012346)) -> 1
A81: =SUMPRODUCT(--(Data!D1:D4<=Data!D1)) -> 2
A82: =0.1+0.2=0.3 -> TRUE
A83: =1+0.000000000000001=1 -> TRUE
A84: =1+0.00000000000001=1 -> FALSE

Sheet Data
A1: 0.012 | B1: 0.01 | C1: 4 | D1: -0.012345679
A2: -0.004 | B2: -0.006 | D2: -0.02
A3: 0.003 | B3: 0.001 | C3: -2 | D3: 0.01
A4: 0.051 | B4: 0.03 | C4: note | D4: -0.012345679
A5: -0.009 | B5: -0.012 | C5: 7
A6: 0.002 | B6: 0.004
A7: 0.006 | B7: 0.005
A8: -0.001 | B8: 0
A10: 0.25 | B10: 0.25 | C10: 0.3 | D10: 0.2
A11: 0.01 | B11: -0.02 | C11: 0.005 | D11: 0.03

Sheet Other Data
B1: 10 | C1: =Data!A4*100 -> 5.1
B2: 20
B3: 30
